Male,Asian,White,Black,top,right,bottom,left
0.3088028585681054,0.011819580697163944,0.10221295845292634,0.03902495964829234,80,151,187,44
