Male,Asian,White,Black,top,right,bottom,left
0.834050867343448,0.9037259003221851,0.03630484194869044,0.0036250006322198535,32,187,140,79
