Male,Asian,White,Black,top,right,bottom,left
0.7082302300825466,0.03696196141367732,0.10527219559702627,0.015406735821219063,72,129,146,55
