Male,Asian,White,Black,top,right,bottom,left
0.296656246317505,0.18075792012555736,0.02931338170263309,0.027920638120271807,66,114,129,52
