Male,Asian,White,Black,top,right,bottom,left
0.27456704657007525,0.3046355884183797,0.017584852380824953,0.04941659209509695,56,163,163,55
