Male,Asian,White,Black,top,right,bottom,left
0.21309907987585452,0.12045200973609163,0.6683168398410283,0.00040209394325615544,66,114,129,52
