Male,Asian,White,Black,top,right,bottom,left
0.22423453975176408,0.004024205475766396,0.46474229553474206,0.005110801498830258,93,291,316,68
