Male,Asian,White,Black,top,right,bottom,left
0.25048111374402987,0.030112409249886306,0.16568714814402655,0.0057629950800335865,53,196,182,67
