Male,Asian,White,Black,top,right,bottom,left
0.4729788080585513,0.9391152220350416,0.09525226775433719,0.0030669175002433703,18,66,80,4
