Male,Asian,White,Black,top,right,bottom,left
0.943675806210901,0.0018868534813862754,0.9805161686583488,0.008474430708314187,3,49,55,0
