Male,Asian,White,Black,top,right,bottom,left
0.8133947941934726,0.024424844736021963,0.17193088014504712,0.009730533480837437,22,79,96,5
