Male,Asian,White,Black,top,right,bottom,left
0.05315634521553993,0.016516093110498238,0.5679774412660391,0.002088088237076926,9,51,61,3
