Male,Asian,White,Black,top,right,bottom,left
0.028948037637722968,0.021726206131440207,0.8559524569096564,0.004679844506922851,15,51,67,3
