Male,Asian,White,Black,top,right,bottom,left
0.899154097044232,0.028140670392600736,0.005727515992717597,0.5260089537684911,10,36,46,1
