Male,Asian,White,Black,top,right,bottom,left
0.08940035440629286,0.04970924184932575,0.6828346396535722,0.002860920985964371,12,45,55,2
