Male,Asian,White,Black,top,right,bottom,left
0.9915448217688988,0.029982644100290234,0.022365026392765174,0.3956567442058222,6,30,40,0
