Male,Asian,White,Black,top,right,bottom,left
0.19502873208869703,0.25166418480938124,0.10564067488642123,0.009859859912004994,2,29,37,0
