Male,Asian,White,Black,top,right,bottom,left
0.03692428635393051,0.017221202653106685,0.898947105364292,0.0034118521609810748,22,71,88,0
