Male,Asian,White,Black,top,right,bottom,left
0.977481018664907,0.0029773636446264423,0.057795736086439814,0.2653796912266224,2,31,37,0
