Male,Asian,White,Black,top,right,bottom,left
0.027281100887788713,0.01933532644689649,0.8071008690788919,0.002903171391269893,7,40,50,2
