Male,Asian,White,Black,top,right,bottom,left
0.8078433342403654,0.012978805172356415,0.10328865546447222,0.02746876067205265,2,27,36,0
