Male,Asian,White,Black,top,right,bottom,left
0.6692556423509156,0.1072127418449593,0.05169612306987691,0.009313092318533637,6,34,42,1
