Male,Asian,White,Black,top,right,bottom,left
0.9502406798336985,0.013471681293858142,0.9328414436999409,0.0009531574964322065,3,49,55,3
