Male,Asian,White,Black,top,right,bottom,left
0.9971352322023361,0.019278719694845337,0.9339599097766532,0.0006783186908895894,6,30,38,0
