Male,Asian,White,Black,top,right,bottom,left
0.9862541808782584,0.008073342363961428,0.8099060345878829,0.002652115358685802,7,40,50,0
