Male,Asian,White,Black,top,right,bottom,left
0.9932023204024398,0.00393044945779556,0.8582015806180471,0.005641703782020071,9,53,61,8
