Male,Asian,White,Black,top,right,bottom,left
0.9863752485380636,0.45284769118164364,0.172052996867896,0.0018276845642143712,10,33,46,0
