Male,Asian,White,Black,top,right,bottom,left
0.9550149030485137,0.3279676952056702,0.7318343911975749,0.0020656574319138535,18,59,80,0
