Male,Asian,White,Black,top,right,bottom,left
0.9692839484840695,0.04232946670522421,0.8425045481909926,0.002175691109927603,15,52,67,3
