Male,Asian,White,Black,top,right,bottom,left
0.9622524466348806,0.011571185342350191,0.840308463534417,0.001759713076752166,17,76,105,0
