Male,Asian,White,Black,top,right,bottom,left
0.8991540867577745,0.028140798185164535,0.005727511232830317,0.5260081870423543,10,36,46,1
