Male,Asian,White,Black,top,right,bottom,left
0.04225848169556274,0.009787948673053274,0.960426177493352,0.0023446225740114046,6,37,42,1
