Male,Asian,White,Black,top,right,bottom,left
0.14211572497875002,0.07601841824544116,0.04126959187802133,0.0614924348130216,9,49,61,0
