Male,Asian,White,Black,top,right,bottom,left
0.9451417803403005,0.032352125698218624,0.012601033022880744,0.52909266418001,6,34,41,1
