Male,Asian,White,Black,top,right,bottom,left
0.05701971131244325,0.00297473009248316,0.9295826687247066,0.007242159581590467,22,71,96,0
