Male,Asian,White,Black,top,right,bottom,left
0.9446023191882534,0.025652140469218977,0.5645986691651343,0.004411974792188533,18,63,80,4
