Male,Asian,White,Black,top,right,bottom,left
0.24119397107647605,0.11216635855823001,0.6223965997945267,0.0005231966359893745,14,68,83,0
