Male,Asian,White,Black,top,right,bottom,left
0.9862891536594857,0.011767036108607803,0.9767653042647555,0.00305286693800345,12,45,55,2
