Male,Asian,White,Black,top,right,bottom,left
0.99094121247091,0.0021743577307129797,0.9861519806102634,0.0012123446655259557,6,29,38,0
