Male,Asian,White,Black,top,right,bottom,left
0.028947993430509245,0.02172614010261,0.8559523731152843,0.0046798542990231,15,51,67,3
