Male,Asian,White,Black,top,right,bottom,left
0.9828288009422984,0.09482052042389673,0.23826732776803064,0.010454216940666273,6,34,42,1
