Male,Asian,White,Black,top,right,bottom,left
0.07452642763417297,0.9061034175571573,0.010082567465398316,0.04493452759892633,11,52,73,0
