Male,Asian,White,Black,top,right,bottom,left
0.9855894003329019,0.005700939687647141,0.47782337609285586,0.04825556475831794,2,31,34,0
