Male,Asian,White,Black,top,right,bottom,left
0.9431119315294175,0.033483657695379164,0.9093955278775848,0.004896170530421658,9,53,61,3
