Male,Asian,White,Black,top,right,bottom,left
0.9913140467062745,0.001554927457871434,0.5275285408691668,0.016416704975521605,6,34,42,1
