Male,Asian,White,Black,top,right,bottom,left
0.03987680403952184,0.07743014857141015,0.05889628123717613,0.056076463517801205,9,48,61,0
