Male,Asian,White,Black,top,right,bottom,left
0.9575473488576561,0.0318219813357195,0.7863292678428231,0.0018919716081252666,15,55,67,3
