Male,Asian,White,Black,top,right,bottom,left
0.9835710786418626,0.011323794148811508,0.7507722666184296,0.0007624802447104594,3,49,55,0
