Male,Asian,White,Black,top,right,bottom,left
0.9869728000862101,0.008029163608444067,0.2483388908907924,0.18696821869785574,10,37,45,1
