Male,Asian,White,Black,top,right,bottom,left
0.18160250047603815,0.8322906084014334,0.05871466382501632,0.00666657204570107,6,33,42,0
