Male,Asian,White,Black,top,right,bottom,left
0.8298034908737483,0.9511097893096557,0.02145447518318221,0.004200196353052878,26,95,116,6
