Male,Asian,White,Black,top,right,bottom,left
0.12187881918776286,0.1376425772082336,0.10545472072044385,0.008084036483980685,6,29,38,0
