Male,Asian,White,Black,top,right,bottom,left
0.9835710629347679,0.011323796037462391,0.7507727148212026,0.0007624782119865865,3,49,55,0
