Male,Asian,White,Black,top,right,bottom,left
0.9746775011128966,0.0026286474873075598,0.1972160426186573,0.05919114602668473,14,71,88,13
