Male,Asian,White,Black,top,right,bottom,left
0.018281258329070467,0.013250399974402506,0.9740166775517011,0.0015313301534940996,6,33,42,0
