Male,Asian,White,Black,top,right,bottom,left
0.9836458504418447,0.05596313417100939,0.876770376062155,0.0008194167870271934,6,31,41,0
