Male,Asian,White,Black,top,right,bottom,left
0.12187898806465136,0.13764258231010493,0.10545478039966581,0.008084015319166249,6,29,38,0
