Male,Asian,White,Black,top,right,bottom,left
0.0619279261111401,0.012555756063005699,0.8953002968147449,0.0019024903785593997,30,79,105,5
