Male,Asian,White,Black,top,right,bottom,left
0.048423037442626826,0.8539663341362159,0.007306296706727825,0.06375546649579705,6,30,42,0
