Male,Asian,White,Black,top,right,bottom,left
0.9840797409915035,0.016067239956122296,0.05662894908125115,0.27940565348783575,6,30,38,0
