Male,Asian,White,Black,top,right,bottom,left
0.9862541993790919,0.008073360757962396,0.8099059409357041,0.002652114198012905,7,40,50,0
