Male,Asian,White,Black,top,right,bottom,left
0.058336876041431604,0.010619271154901156,0.8612617515612153,0.002430378805746029,9,48,60,0
