Male,Asian,White,Black,top,right,bottom,left
0.06474562046231201,0.013558086981503941,0.9202994243247425,0.006010443980564077,7,41,50,2
