Male,Asian,White,Black,top,right,bottom,left
0.015626893213329964,0.04584800657572104,0.9193230776659407,0.0014491934206500284,10,38,46,5
