Male,Asian,White,Black,top,right,bottom,left
0.9915101526432604,0.04123412806960284,0.7919572214147685,0.009323850948320299,12,40,55,0
