Male,Asian,White,Black,top,right,bottom,left
0.9292064855625024,0.02076650566772699,0.8998915271018374,0.006117043558269279,6,31,42,0
