Male,Asian,White,Black,top,right,bottom,left
0.822375901919543,0.0013249869019028907,0.8923441126840652,0.009905717868186302,10,36,46,1
