Male,Asian,White,Black,top,right,bottom,left
0.06299267654896698,0.2204709999954063,0.13551207518844366,0.00577151228651901,7,43,50,7
