Male,Asian,White,Black,top,right,bottom,left
0.9090438716117697,0.9551695303757005,0.07330651612435582,0.005031444845795834,15,49,67,0
