Male,Asian,White,Black,top,right,bottom,left
0.9752101479510759,0.002316078299309777,0.9839851268037353,0.005609106103116974,12,50,55,7
