Male,Asian,White,Black,top,right,bottom,left
0.13262409663178332,0.9364890631295725,0.02566245914124094,0.011390424569091954,9,47,61,0
