Male,Asian,White,Black,top,right,bottom,left
0.16746486011745515,0.011555447363110453,0.4127735832169862,0.014270186146683586,9,47,61,3
