Male,Asian,White,Black,top,right,bottom,left
0.9379096047368594,0.0026785382503570947,0.5545711651881488,0.014955373859733993,4,56,66,0
