Male,Asian,White,Black,top,right,bottom,left
0.3770327705569671,0.29409101452384107,0.04331815776354332,0.02550957356464749,6,30,37,0
