Male,Asian,White,Black,top,right,bottom,left
0.9386140424081834,0.005231678422297433,0.8117318517771683,0.002755048024684702,2,25,34,0
