Male,Asian,White,Black,top,right,bottom,left
0.10308168554310866,0.002048034822542775,0.9469070793696482,0.0010404990680129322,7,40,50,0
