Male,Asian,White,Black,top,right,bottom,left
0.6298565743106136,0.049879479502752865,0.01798117206596461,0.050993804548036814,2,29,36,0
