Male,Asian,White,Black,top,right,bottom,left
0.9431119112258736,0.033483595480046986,0.9093957078763945,0.004896173715192516,9,53,61,3
