Male,Asian,White,Black,top,right,bottom,left
0.042258418214214194,0.009787971822004448,0.9604260965513256,0.002344616014985176,6,37,42,1
