Male,Asian,White,Black,top,right,bottom,left
0.11835519747412858,0.038519258622772876,0.8910826030247999,0.0031708276475338653,15,53,67,3
