Male,Asian,White,Black,top,right,bottom,left
0.9870389918197325,0.003272358349879766,0.25986524308802966,0.07758501400116419,2,25,34,0
