Male,Asian,White,Black,top,right,bottom,left
0.9436758914811714,0.001886858363706715,0.9805161170683684,0.00847444520019198,3,49,55,0
