Male,Asian,White,Black,top,right,bottom,left
0.9945277561754531,0.02732473787667808,0.026434216049467392,0.22091636969049466,6,31,41,0
