Male,Asian,White,Black,top,right,bottom,left
0.01980767968236643,0.01833863228385826,0.9305482332497405,0.004740430637531794,7,50,50,7
