Male,Asian,White,Black,top,right,bottom,left
0.8139426841554948,0.06158472536643606,0.84996489052875,0.0017965086548200903,2,30,38,0
