Male,Asian,White,Black,top,right,bottom,left
0.47297903824587456,0.9391156168036763,0.09525175463820167,0.0030669243750411257,18,66,80,4
