Male,Asian,White,Black,top,right,bottom,left
0.21538966833224132,0.05043618306162608,0.024983408006399508,0.27068233240159756,2,27,34,0
