Male,Asian,White,Black,top,right,bottom,left
0.012077844496450746,0.04971230664492021,0.421584673359972,0.004568553373107179,15,53,67,3
