Male,Asian,White,Black,top,right,bottom,left
0.03885111284026832,0.13374332271281053,0.5240065325376914,0.019501257035597946,2,43,46,2
