Male,Asian,White,Black,top,right,bottom,left
0.9894009346524412,0.016230866563654935,0.13025023727310425,0.028554802679260995,6,32,41,0
