Male,Asian,White,Black,top,right,bottom,left
0.8078434068313626,0.012978800047802098,0.10328871241247832,0.02746877851889562,2,27,36,0
