Male,Asian,White,Black,top,right,bottom,left
0.9862931102487108,0.005912200794983117,0.9821180563222811,0.0007529720614996959,6,32,42,0
