Male,Asian,White,Black,top,right,bottom,left
0.9835052350000967,0.005740355525040139,0.22112721565404797,0.007296275694520901,20,102,128,0
