Male,Asian,White,Black,top,right,bottom,left
0.9292065952959959,0.020766528020877466,0.8998915223186404,0.006117026238402339,6,31,42,0
