Male,Asian,White,Black,top,right,bottom,left
0.05749890014335457,0.015054346173995342,0.3457133118978959,0.014959883441029855,9,47,61,0
