Male,Asian,White,Black,top,right,bottom,left
0.08940009354001087,0.04970914555122478,0.6828347274538334,0.002860924023889926,12,45,55,2
