Male,Asian,White,Black,top,right,bottom,left
0.34174916744577205,0.027369395420065962,0.1239016121861447,0.02130986511810222,6,32,40,0
