Male,Asian,White,Black,top,right,bottom,left
0.9650076753330888,0.013675210090048677,0.8617563573122572,0.012265396133188652,7,43,50,2
