Male,Asian,White,Black,top,right,bottom,left
0.9863752412928866,0.45284761250067457,0.1720530464736747,0.0018276835360721286,10,33,46,0
