Male,Asian,White,Black,top,right,bottom,left
0.2793434496257867,0.1840139324977008,0.02238061109522807,0.030681272244013978,12,45,55,2
