Male,Asian,White,Black,top,right,bottom,left
0.9550149463265151,0.32796729421237997,0.7318336274752312,0.0020656625436456105,18,59,80,0
