Male,Asian,White,Black,top,right,bottom,left
0.9870389441859269,0.003272362737420864,0.2598647409343532,0.07758508152356458,2,25,34,0
