Male,Asian,White,Black,top,right,bottom,left
0.9221651204426805,0.015705994578762546,0.7859226878865988,0.019349070719135598,26,86,107,0
