Male,Asian,White,Black,top,right,bottom,left
0.9637317316354678,0.015601056189591692,0.8803563337517917,0.001152234211544178,6,40,42,5
