Male,Asian,White,Black,top,right,bottom,left
0.2640360917654427,0.041744764686495635,0.06437986263357999,0.03637683563104738,6,31,38,0
