Male,Asian,White,Black,top,right,bottom,left
0.982828794383106,0.09482041569026547,0.2382675337409036,0.01045418680849957,6,34,42,1
