Male,Asian,White,Black,top,right,bottom,left
0.9637317218174666,0.015600992717841817,0.8803565901302354,0.0011522330672875509,6,40,42,5
