Male,Asian,White,Black,top,right,bottom,left
0.9418374104033346,0.010346981658026699,0.9861509716628258,0.0021580923566744113,10,33,45,0
