Male,Asian,White,Black,top,right,bottom,left
0.986355023604427,0.012491430973111872,0.8994304000402434,0.003260134185042411,15,55,67,3
