Male,Asian,White,Black,top,right,bottom,left
0.9909412230950978,0.0021743615892552783,0.9861519626363064,0.0012123483249451405,6,29,38,0
