Male,Asian,White,Black,top,right,bottom,left
0.8498174026160928,0.011968951248850543,0.49234475987366116,0.0037423163966448982,15,55,67,3
