Male,Asian,White,Black,top,right,bottom,left
0.9915101654854719,0.041234101665105605,0.7919574076939808,0.009323843098814661,12,40,55,0
