Male,Asian,White,Black,top,right,bottom,left
0.941837403685512,0.010346954153783207,0.9861509706279126,0.0021580933016959025,10,33,45,0
