Male,Asian,White,Black,top,right,bottom,left
0.9502407278444623,0.013471678183164169,0.9328414172694752,0.0009531585925480076,3,49,55,3
