Male,Asian,White,Black,top,right,bottom,left
0.9747272385585324,0.030525906757559285,0.42196758924857364,0.006865777013782637,15,55,67,3
