Male,Asian,White,Black,top,right,bottom,left
0.01562691953284637,0.045848040744666314,0.9193231808793635,0.0014491951523860115,10,38,46,5
