Male,Asian,White,Black,top,right,bottom,left
0.9894009566858493,0.016230836684146283,0.13025061778071823,0.028554732283562416,6,32,41,0
