Male,Asian,White,Black,top,right,bottom,left
0.9949231919459764,0.0582240923097364,0.22249714527729963,0.013413126992810338,6,35,40,1
