Male,Asian,White,Black,top,right,bottom,left
0.9811744433263592,0.0063692543287096936,0.12831491614192722,0.027898232155205472,0,26,30,0
