Male,Asian,White,Black,top,right,bottom,left
0.18160212910394882,0.8322906127465132,0.05871464878769998,0.006666573196091768,6,33,42,0
