Male,Asian,White,Black,top,right,bottom,left
0.021815001246351495,0.07984443377432937,0.45953169482249395,0.0045519017637912825,9,49,61,0
