Male,Asian,White,Black,top,right,bottom,left
0.11835537269387793,0.0385193232704982,0.8910825078067054,0.0031708213710871986,15,53,67,3
