Male,Asian,White,Black,top,right,bottom,left
0.02817975221876994,0.016544386479005822,0.33454243661015326,0.049310425493862844,6,32,42,1
