Male,Asian,White,Black,top,right,bottom,left
0.05769231228396757,0.009119647936395173,0.9688739432386526,0.003209865454526398,2,31,38,0
