Male,Asian,White,Black,top,right,bottom,left
0.9090440194054192,0.9551694889262576,0.07330637654051385,0.005031448147744858,15,49,67,0
