Male,Asian,White,Black,top,right,bottom,left
0.1421159852306488,0.076018235194224,0.04126960107171381,0.06149241473465379,9,49,61,0
