Male,Asian,White,Black,top,right,bottom,left
0.9789399221998546,0.006688871601587972,0.34137243522221,0.05790056420080204,0,25,30,0
