Male,Asian,White,Black,top,right,bottom,left
0.02728110976050215,0.019335296679793012,0.8071007897595998,0.00290317375579478,7,40,50,2
