Male,Asian,White,Black,top,right,bottom,left
0.9913140429687588,0.00155492717353848,0.527527591713614,0.01641678403307647,6,34,42,1
