Male,Asian,White,Black,top,right,bottom,left
0.27934342618553454,0.18401430763474913,0.022380593300257854,0.03068120960736653,12,45,55,2
