Male,Asian,White,Black,top,right,bottom,left
0.969283963023454,0.042329664214555786,0.8425042302546336,0.002175687561966606,15,52,67,3
