Male,Asian,White,Black,top,right,bottom,left
0.03234536416321417,0.8076791976864324,0.11691425242310935,0.004236270925286683,12,42,55,2
