Male,Asian,White,Black,top,right,bottom,left
0.9951901669247615,0.027327575633961734,0.9145195622568373,0.023014305196875983,6,31,39,0
