Male,Asian,White,Black,top,right,bottom,left
0.02181499847813391,0.07984438823996622,0.4595317929099054,0.004551896543118641,9,49,61,0
