Male,Asian,White,Black,top,right,bottom,left
0.10596046028626149,0.2699574641124982,0.8031115863458327,0.00142090853606509,15,55,67,3
