Male,Asian,White,Black,top,right,bottom,left
0.10308173027640684,0.0020480441114221737,0.9469068869646635,0.001040499976114973,7,40,50,0
