Male,Asian,White,Black,top,right,bottom,left
0.669255658695121,0.10721241125327605,0.05169636927732068,0.009313068515939495,6,34,42,1
