Male,Asian,White,Black,top,right,bottom,left
0.9777278529457732,0.006611948798342585,0.8921458433246984,0.002030182564653212,14,41,50,5
