Male,Asian,White,Black,top,right,bottom,left
0.5767826104832516,0.31780574488134944,0.09907210463873442,0.02952152885736013,12,47,55,7
