Male,Asian,White,Black,top,right,bottom,left
0.9446025157949433,0.025652153885832495,0.564599298104669,0.004411963625711546,18,63,80,4
