Male,Asian,White,Black,top,right,bottom,left
0.34394634198387875,0.031498059877630054,0.05208043939393207,0.04546993123490862,14,69,82,5
