Male,Asian,White,Black,top,right,bottom,left
0.8993317724664065,0.011683964206789377,0.44448217645844534,0.008100146783222822,6,33,42,5
