Male,Asian,White,Black,top,right,bottom,left
0.9451813603662168,0.2346539798511836,0.4253744318071951,0.0006824602695856216,10,37,46,1
