Male,Asian,White,Black,top,right,bottom,left
0.9667747674598568,0.07168017657449761,0.02326501571952815,0.10001299322491645,2,29,35,0
