Male,Asian,White,Black,top,right,bottom,left
0.9980999137746035,0.0051409033252224085,0.9796562583617606,0.003548303254310784,6,29,36,0
