Male,Asian,White,Black,top,right,bottom,left
0.9879349494903675,0.026922430107311282,0.8830814388166242,0.0015646531499008834,6,33,41,0
