Male,Asian,White,Black,top,right,bottom,left
0.03885109382376828,0.13374335018376832,0.5240058116992298,0.019501320589940054,2,43,46,2
