Male,Asian,White,Black,top,right,bottom,left
0.01845504595096429,0.013763963224021002,0.30710864587582126,0.01056493067983084,9,48,59,3
