Male,Asian,White,Black,top,right,bottom,left
0.05833679170907796,0.010619283874214876,0.8612617582927644,0.0024303774899446947,9,48,60,0
