Male,Asian,White,Black,top,right,bottom,left
0.1674650493300678,0.011555474653542097,0.4127733766273041,0.01427017817579876,9,47,61,3
