Male,Asian,White,Black,top,right,bottom,left
0.9662843644709191,0.02345629155940347,0.5238500474353265,0.003538614915442107,6,28,36,0
