Male,Asian,White,Black,top,right,bottom,left
0.590230496083144,0.20438786887618843,0.16363802812326048,0.016003825030167448,9,48,57,0
