Male,Asian,White,Black,top,right,bottom,left
0.9719674106132771,0.0010983064313005739,0.9803863335974645,0.0004584288357594588,2,27,35,0
