Male,Asian,White,Black,top,right,bottom,left
0.9835052227476779,0.0057403606955219256,0.2211272637644966,0.00729627191516842,20,102,128,0
