Male,Asian,White,Black,top,right,bottom,left
0.48257060831277404,0.010501287650577534,0.14152616009558666,0.024456030640515814,17,86,106,0
