Male,Asian,White,Black,top,right,bottom,left
0.9945277569929761,0.027324778431315234,0.026434149273356054,0.22091670851282771,6,31,41,0
