Male,Asian,White,Black,top,right,bottom,left
0.8498171823275088,0.01196893638294577,0.4923443172944234,0.0037423155070473967,15,55,67,3
