Male,Asian,White,Black,top,right,bottom,left
0.8261760047350359,0.001426629054166869,0.9334479499026695,0.00416964395756404,9,50,61,3
