Male,Asian,White,Black,top,right,bottom,left
0.16279796986568848,0.012128155573645369,0.4679865986221811,0.011495021847912876,2,26,33,0
