Male,Asian,White,Black,top,right,bottom,left
0.048423065898283976,0.8539662773999476,0.007306306591231678,0.06375543525724757,6,30,42,0
