Male,Asian,White,Black,top,right,bottom,left
0.9622524388290099,0.011571220924228878,0.8403081454039445,0.0017597178034198138,17,76,105,0
