Male,Asian,White,Black,top,right,bottom,left
0.3417489171666737,0.02736942964771166,0.12390180514217486,0.021309824758618513,6,32,40,0
