Male,Asian,White,Black,top,right,bottom,left
0.053156354262119676,0.016516077823349178,0.5679775348208516,0.002088085120251014,9,51,61,3
