Male,Asian,White,Black,top,right,bottom,left
0.024558294664622435,0.012268980053122401,0.7122245379508794,0.008915061260475041,9,55,61,3
