Male,Asian,White,Black,top,right,bottom,left
0.982786104934417,0.009610853750407416,0.8569204983757068,0.004054254956426531,12,44,55,2
