Male,Asian,White,Black,top,right,bottom,left
0.871516085124969,0.6936121242917985,0.024294608535709764,0.02385528318600806,6,33,40,0
