Male,Asian,White,Black,top,right,bottom,left
0.012077882917623876,0.04971238502149599,0.4215847949479456,0.004568552018346509,15,53,67,3
