Male,Asian,White,Black,top,right,bottom,left
0.08554552995922801,0.002088115300110194,0.921306780706328,0.0012233252438163165,6,33,42,0
