Male,Asian,White,Black,top,right,bottom,left
0.9855031212667232,0.002819390621548933,0.8898547154936386,0.005091611754308451,18,65,80,11
