Male,Asian,White,Black,top,right,bottom,left
0.7964474548361875,0.022403844059294218,0.6796454891186962,0.0029843160464673277,6,31,41,0
