Male,Asian,White,Black,top,right,bottom,left
0.386774434991601,0.03645029008808351,0.07303694292944707,0.016886174512725876,2,28,35,0
