Male,Asian,White,Black,top,right,bottom,left
0.15569694886607163,0.16041587759467896,0.04868527356226855,0.02416980431556426,2,26,34,0
