Male,Asian,White,Black,top,right,bottom,left
0.8223762229550724,0.00132498485601977,0.8923442462231321,0.009905718614061601,10,36,46,1
