Male,Asian,White,Black,top,right,bottom,left
0.2411939211227851,0.11216657722291996,0.6223960724981498,0.0005231969947445985,14,68,83,0
