Male,Asian,White,Black,top,right,bottom,left
0.8022667347739811,0.10220616107996809,0.026399536291906476,0.03594086960314427,22,73,96,5
