Male,Asian,White,Black,top,right,bottom,left
0.0987693638929158,0.14151899330995624,0.7508053042873956,0.0021330749152025917,11,57,73,0
