Male,Asian,White,Black,top,right,bottom,left
0.9777279261275249,0.006611960711923452,0.8921458014638387,0.0020301827367558405,14,41,50,5
