Male,Asian,White,Black,top,right,bottom,left
0.4074907145749096,0.23492131140120318,0.07522486121027097,0.009640576647728534,2,28,34,0
