Male,Asian,White,Black,top,right,bottom,left
0.05289580668018378,0.031653485559043515,0.24206372571231558,0.014005366661912369,2,29,36,0
