Male,Asian,White,Black,top,right,bottom,left
0.028179776325799596,0.016544362638036204,0.33454278878419885,0.049310391844322635,6,32,42,1
