Male,Asian,White,Black,top,right,bottom,left
0.991544797575373,0.029982685508110812,0.02236494533454079,0.395657480948645,6,30,40,0
