Male,Asian,White,Black,top,right,bottom,left
0.9774811025555138,0.0029773678785592833,0.05779557980806429,0.26537990505522197,2,31,37,0
