Male,Asian,White,Black,top,right,bottom,left
0.9855894347140794,0.0057009410293798225,0.4778242026961212,0.04825538650971508,2,31,34,0
