Male,Asian,White,Black,top,right,bottom,left
0.34394657629809644,0.0314980866754938,0.05208065634660146,0.04546972886871347,14,69,82,5
