Male,Asian,White,Black,top,right,bottom,left
0.9921821452746471,0.0929616363163655,0.711277857639922,0.00285597813552997,6,34,40,1
