Male,Asian,White,Black,top,right,bottom,left
0.99160769382823,0.005079126688915447,0.8460509515341974,0.00037187492915692914,7,41,50,2
