Male,Asian,White,Black,top,right,bottom,left
0.9903916810242311,0.0013087924826038874,0.9769297780444108,0.0027329407121431133,9,43,61,0
