Male,Asian,White,Black,top,right,bottom,left
0.9836458333267962,0.05596317892595054,0.8767702936411407,0.0008194158243664316,6,31,41,0
