Male,Asian,White,Black,top,right,bottom,left
0.7509408535034344,0.18190166614946715,0.08077528866499807,0.005991033110485624,2,30,37,0
