Male,Asian,White,Black,top,right,bottom,left
0.8715162095909941,0.693612827410473,0.024294511965133044,0.023855341484462327,6,33,40,0
