Male,Asian,White,Black,top,right,bottom,left
0.03038273610939343,0.009444981913406113,0.6347795976851448,0.011042026392670684,12,44,55,2
