Male,Asian,White,Black,top,right,bottom,left
0.30857199118167233,0.14059761633140413,0.028078415842556454,0.04165116109894068,6,29,37,0
