Male,Asian,White,Black,top,right,bottom,left
0.15836493702304447,0.0022569491882310144,0.9939310443446564,0.007093481564228825,10,37,45,1
