Male,Asian,White,Black,top,right,bottom,left
0.9900530376342951,0.004122800249216459,0.9273615010004229,0.0065885247531683394,14,37,50,1
