Male,Asian,White,Black,top,right,bottom,left
0.9827861074427342,0.00961086262686983,0.8569201942531015,0.004054268372356782,12,44,55,2
