Male,Asian,White,Black,top,right,bottom,left
0.9824465123310557,0.003575395306564728,0.9237089361111758,0.0015158285354190015,6,29,40,0
