Male,Asian,White,Black,top,right,bottom,left
0.9916076995202572,0.005079130908589757,0.8460508657394017,0.0003718745463826719,7,41,50,2
