Male,Asian,White,Black,top,right,bottom,left
0.13262422932845644,0.9364891380104651,0.02566246565589585,0.01139042309655919,9,47,61,0
