Male,Asian,White,Black,top,right,bottom,left
0.9853352567376088,0.0759461467476881,0.42484306953012246,0.0027500025179643256,6,35,42,5
