Male,Asian,White,Black,top,right,bottom,left
0.21291221112466724,0.0033529365841951713,0.9502987810922666,0.004203160848362587,3,46,55,0
