Male,Asian,White,Black,top,right,bottom,left
0.07765515506449296,0.006076055361765881,0.4507843004569239,0.013734964091640774,2,29,36,0
