Male,Asian,White,Black,top,right,bottom,left
0.039876813069197686,0.07742992156137819,0.05889633614271963,0.05607660805772002,9,48,61,0
