Male,Asian,White,Black,top,right,bottom,left
0.9900530449409036,0.004122795555245209,0.9273615638660013,0.0065885392396146615,14,37,50,1
