Male,Asian,White,Black,top,right,bottom,left
0.985335316692812,0.07594601059195581,0.42484404400327236,0.002749995522173866,6,35,42,5
