Male,Asian,White,Black,top,right,bottom,left
0.0741194605733038,0.01867551261875628,0.8867525451715262,0.004464965218046443,9,53,61,3
