Male,Asian,White,Black,top,right,bottom,left
0.9379094652446948,0.00267854360886779,0.5545711076410585,0.014955391519012451,4,56,66,0
