Male,Asian,White,Black,top,right,bottom,left
0.9225478053669628,0.0026459562836000645,0.9154892145868316,0.00147024570907091,7,40,50,0
