Male,Asian,White,Black,top,right,bottom,left
0.85396712961301,0.0026239018059689002,0.9319110364363575,0.004179358785221354,7,45,50,2
