Male,Asian,White,Black,top,right,bottom,left
0.8022666764962959,0.10220624789347883,0.02639957747698697,0.035940787406338624,22,73,96,5
