Male,Asian,White,Black,top,right,bottom,left
0.8539670061683919,0.002623895478524781,0.9319109561335852,0.004179367729754609,7,45,50,2
