Male,Asian,White,Black,top,right,bottom,left
0.06192777681866251,0.01255577364503052,0.8953003537784444,0.001902485720659148,30,79,105,5
