Male,Asian,White,Black,top,right,bottom,left
0.9809557074510532,0.03573430829172921,0.0705469297064341,0.10746841935747374,2,26,34,0
