Male,Asian,White,Black,top,right,bottom,left
0.9862931099881646,0.005912198230505266,0.9821181033599237,0.0007529720932517951,6,32,42,0
