Male,Asian,White,Black,top,right,bottom,left
0.9140113523503254,0.021713271931291432,0.8648298569408222,0.009189878421777188,7,42,50,7
