Male,Asian,White,Black,top,right,bottom,left
0.023904690362143752,0.0027726485511840745,0.9407060933074304,0.012659117960843324,22,63,96,0
