Male,Asian,White,Black,top,right,bottom,left
0.9932023101943764,0.003930457075682847,0.8582016845944547,0.005641690832947731,9,53,61,8
