Male,Asian,White,Black,top,right,bottom,left
0.975517287860795,0.010416911284231887,0.7656042822372155,0.029709463437487905,9,43,61,0
