Male,Asian,White,Black,top,right,bottom,left
0.05701967810821212,0.0029747326576687696,0.9295825329062406,0.007242149665422161,22,71,96,0
