Male,Asian,White,Black,top,right,bottom,left
0.02455832045212382,0.012268984938002945,0.712224074816534,0.008915064903305634,9,55,61,3
