Male,Asian,White,Black,top,right,bottom,left
0.9815352789517577,0.004622514212446605,0.9712551097624517,0.0006614932674044051,6,37,42,1
