Male,Asian,White,Black,top,right,bottom,left
0.9225478446060423,0.0026459526343762248,0.915489421162912,0.0014702415813690134,7,40,50,0
