Male,Asian,White,Black,top,right,bottom,left
0.9840797677514711,0.01606725978087123,0.05662877571492262,0.2794063685441158,6,30,38,0
