Male,Asian,White,Black,top,right,bottom,left
0.018455048619903908,0.013763895630058639,0.30710879653658496,0.010564935616761268,9,48,59,3
