Male,Asian,White,Black,top,right,bottom,left
0.9703720393819087,0.02950319558382147,0.9121450812278653,0.0011154253834486992,9,58,61,8
