Male,Asian,White,Black,top,right,bottom,left
0.8993313558036108,0.011683954535798782,0.44448192581423085,0.008100155387526073,6,33,42,5
