Male,Asian,White,Black,top,right,bottom,left
0.08554558701208996,0.00208810894692447,0.9213068266900734,0.0012233247291439794,6,33,42,0
