Male,Asian,White,Black,top,right,bottom,left
0.9869727995374651,0.008029175480369567,0.24833868190230687,0.18696850737522844,10,37,45,1
