Male,Asian,White,Black,top,right,bottom,left
0.0372374331263568,0.060848724637892856,0.5167986477271135,0.004968748986124717,7,36,50,0
