Male,Asian,White,Black,top,right,bottom,left
0.5448983288917272,0.5061887944842959,0.2942307896616011,0.003189462405303799,11,62,73,11
