Male,Asian,White,Black,top,right,bottom,left
0.8445462802310097,0.06727046462214156,0.5429990695244289,0.0019798750983313954,9,55,61,3
