Male,Asian,White,Black,top,right,bottom,left
0.98550312886512,0.0028193928928646893,0.8898547221375757,0.005091606541494178,18,65,80,11
