Male,Asian,White,Black,top,right,bottom,left
0.09876950462461036,0.14151926076097557,0.7508053682089955,0.002133077329680752,11,57,73,0
