Male,Asian,White,Black,top,right,bottom,left
0.019807701265440958,0.01833862722007441,0.9305482016064032,0.004740431742937725,7,50,50,7
