Male,Asian,White,Black,top,right,bottom,left
0.8139429504298219,0.061584601465385934,0.8499650135733009,0.0017965071482906535,2,30,38,0
