Male,Asian,White,Black,top,right,bottom,left
0.9650076314259287,0.01367519973649711,0.8617564181273399,0.012265401604343501,7,43,50,2
