Male,Asian,White,Black,top,right,bottom,left
0.9947964889543126,0.001925263824574963,0.7297369392874063,0.006391440617236796,2,25,34,0
