Male,Asian,White,Black,top,right,bottom,left
0.9860580521619066,0.04100358769182089,0.948053262554163,0.0010860291041425944,2,29,36,0
