Male,Asian,White,Black,top,right,bottom,left
0.07411947689550757,0.01867556901538161,0.8867525728089363,0.004464967046397317,9,53,61,3
