Male,Asian,White,Black,top,right,bottom,left
0.15836501723021862,0.0022569481328677927,0.9939310722660304,0.007093466769182394,10,37,45,1
