Male,Asian,White,Black,top,right,bottom,left
0.9971352288216191,0.01927869696274562,0.9339598805667085,0.0006783201459995108,6,30,38,0
