Male,Asian,White,Black,top,right,bottom,left
0.37781995597717316,0.024338998801397768,0.10592300526055837,0.025205752001036596,17,82,106,0
