Male,Asian,White,Black,top,right,bottom,left
0.8445462949437004,0.06727035700944882,0.5429993998603339,0.0019798769388359623,9,55,61,3
