Male,Asian,White,Black,top,right,bottom,left
0.9949231926741192,0.05822414177508608,0.2224972327660686,0.013413137645146915,6,35,40,1
