Male,Asian,White,Black,top,right,bottom,left
0.9755172523188612,0.010416926884624509,0.7656041034587245,0.029709583393192854,9,43,61,0
