Male,Asian,White,Black,top,right,bottom,left
0.10596061905743341,0.26995818535380467,0.8031113419575456,0.0014209038659725574,15,55,67,3
