Male,Asian,White,Black,top,right,bottom,left
0.941490058545609,0.003081490942298885,0.8682527675558278,0.0065074000344732,9,52,61,3
