Male,Asian,White,Black,top,right,bottom,left
0.9451815809142001,0.23465508132198956,0.4253738463109466,0.0006824588468693887,10,37,46,1
