Male,Asian,White,Black,top,right,bottom,left
0.9703720072139846,0.02950322141228907,0.9121450527670839,0.001115423044618659,9,58,61,8
