Male,Asian,White,Black,top,right,bottom,left
0.98037303256641,0.11492486344794878,0.06944221896518293,0.014717998653896388,26,106,116,16
