Male,Asian,White,Black,top,right,bottom,left
0.7964474810113426,0.022403807221324915,0.6796461939773182,0.002984316302384429,6,31,41,0
