Male,Asian,White,Black,top,right,bottom,left
0.03234531456319838,0.8076787321025606,0.1169144677434666,0.0042362650493722705,12,42,55,2
