Male,Asian,White,Black,top,right,bottom,left
0.03614556849961777,0.011809440497303956,0.630580326026563,0.006625058061991457,18,66,80,4
