Male,Asian,White,Black,top,right,bottom,left
0.1178539543271022,0.038642800237971155,0.9154366503362903,0.005792003147141973,7,41,50,2
