Male,Asian,White,Black,top,right,bottom,left
0.30857241452043216,0.1405976778282113,0.02807837537374059,0.04165122188405109,6,29,37,0
