Male,Asian,White,Black,top,right,bottom,left
0.9762996154056329,0.0022690182199692245,0.17757071328176438,0.09042035539456098,14,71,88,13
