Male,Asian,White,Black,top,right,bottom,left
0.9575473380118942,0.031821929817110524,0.7863292887228822,0.001891974799412646,15,55,67,3
