Male,Asian,White,Black,top,right,bottom,left
0.3778199374117544,0.024338893452833715,0.10592340375123364,0.025205679276360582,17,82,106,0
