Male,Asian,White,Black,top,right,bottom,left
0.9221650547584472,0.01570596475308679,0.7859228546373601,0.01934905878238546,26,86,107,0
