Male,Asian,White,Black,top,right,bottom,left
0.0776551681700555,0.006076062988123441,0.45078389501269606,0.01373497773432456,2,29,36,0
