Male,Asian,White,Black,top,right,bottom,left
0.057692419316828,0.009119674777564002,0.9688739492305475,0.0032098631885753084,2,31,38,0
