Male,Asian,White,Black,top,right,bottom,left
0.9862891765972218,0.011767040056803476,0.9767653155605279,0.0030528649159897573,9,46,59,0
