Male,Asian,White,Black,top,right,bottom,left
0.9451418002862029,0.03235200873399021,0.012601032848110821,0.5290927715631094,6,34,41,1
