Male,Asian,White,Black,top,right,bottom,left
0.328994557842731,0.03201221853061577,0.05740664583165151,0.06411058769759151,11,59,73,0
