Male,Asian,White,Black,top,right,bottom,left
0.1463112876620287,0.034697038200053695,0.27726565777306084,0.018371017579214003,0,25,31,0
