Male,Asian,White,Black,top,right,bottom,left
0.9815353012695507,0.004622511322329827,0.9712551402946994,0.0006614921224240305,6,37,42,1
