Male,Asian,White,Black,top,right,bottom,left
0.06474547262147962,0.013558082682680684,0.9202995599643691,0.006010436916802183,7,41,50,2
