Male,Asian,White,Black,top,right,bottom,left
0.030382776019055684,0.009444986811815683,0.6347796914536865,0.011042005720099722,12,44,55,2
