Male,Asian,White,Black,top,right,bottom,left
0.5448976519618135,0.5061890410337441,0.2942307124544077,0.003189459714920029,11,62,73,11
