Male,Asian,White,Black,top,right,bottom,left
0.9414900886279325,0.003081491000412737,0.8682525216501842,0.006507397014023971,9,52,61,3
