Male,Asian,White,Black,top,right,bottom,left
0.8133954267971162,0.02442488497594923,0.17193061159437212,0.009730522950450292,22,79,96,5
