Male,Asian,White,Black,top,right,bottom,left
0.05749884785250973,0.015054361840449441,0.34571289703244074,0.014959879206838056,9,47,61,0
