Male,Asian,White,Black,top,right,bottom,left
0.7509409236509821,0.18190190595531783,0.08077511526173294,0.005991041359248112,2,30,37,0
