Male,Asian,White,Black,top,right,bottom,left
0.2640369009706309,0.04174473275714179,0.06437977567816545,0.036376911205142075,6,31,38,0
