Male,Asian,White,Black,top,right,bottom,left
0.8261754362267767,0.0014266302923833293,0.9334478905666195,0.004169644210722569,9,50,61,3
