Male,Asian,White,Black,top,right,bottom,left
0.2129120686356277,0.0033529457862201593,0.9502988225502819,0.004203157445905668,3,46,55,0
