Male,Asian,White,Black,top,right,bottom,left
0.03692423132365507,0.017221224915163248,0.8989470904537417,0.003411843584588973,22,71,88,0
