Male,Asian,White,Black,top,right,bottom,left
0.16494747481838587,0.09184877156291069,0.021742327559451706,0.2787382380289064,6,29,38,0
