Male,Asian,White,Black,top,right,bottom,left
0.9879349489148207,0.026922406987801822,0.8830815263611637,0.001564652991373259,6,33,41,0
