Male,Asian,White,Black,top,right,bottom,left
0.48257085147238304,0.010501297387695405,0.14152564491483793,0.024456063511259785,17,86,106,0
