Male,Asian,White,Black,top,right,bottom,left
0.8298035438614195,0.951109852659895,0.021454449903969827,0.004200194884210903,26,95,116,6
