Male,Asian,White,Black,top,right,bottom,left
0.97521010477641,0.002316078362487479,0.9839851698436969,0.005609102801790037,12,50,55,7
