Male,Asian,White,Black,top,right,bottom,left
0.036145592549474,0.011809423347301359,0.6305805814299504,0.00662504982688417,18,66,80,4
