Male,Asian,White,Black,top,right,bottom,left
0.26138438284840126,0.014099555266341414,0.23868469947864848,0.02650747663523655,6,29,39,0
