Male,Asian,White,Black,top,right,bottom,left
0.2613838402670724,0.014099528090838392,0.23868536931042245,0.026507443674266388,6,29,39,0
