Male,Asian,White,Black,top,right,bottom,left
0.9747272424069283,0.03052588653274931,0.4219680495522614,0.006865773900974653,15,55,67,3
