Male,Asian,White,Black,top,right,bottom,left
0.05289578811435305,0.031653460644424036,0.2420635101174165,0.014005413581322507,2,29,36,0
