Male,Asian,White,Black,top,right,bottom,left
0.07452652707201467,0.9061034490156884,0.010082545965717728,0.04493453498279955,11,52,73,0
