Male,Asian,White,Black,top,right,bottom,left
0.046658189436348314,0.7176497450344363,0.0017022534339375395,0.402151160989634,6,27,39,0
