Male,Asian,White,Black,top,right,bottom,left
0.04698516195934324,0.025564821388168974,0.12922799223571307,0.17241111377093718,2,25,34,0
