Male,Asian,White,Black,top,right,bottom,left
0.018281232763484402,0.01325031983394495,0.9740167383426942,0.0015313303735921956,6,33,42,0
