Male,Asian,White,Black,top,right,bottom,left
0.3289945983871412,0.03201225570229489,0.05740656844094007,0.06411061436392372,11,59,73,0
