Male,Asian,White,Black,top,right,bottom,left
0.9140114170350315,0.021713235923665895,0.8648300890058189,0.009189860128467309,7,42,50,7
