Male,Asian,White,Black,top,right,bottom,left
0.06299252730942495,0.22047080672392963,0.1355121752792234,0.005771511605946946,7,43,50,7
