Male,Asian,White,Black,top,right,bottom,left
0.9863550446307456,0.012491466937672505,0.8994301957054994,0.0032601308999094607,15,55,67,3
