Male,Asian,White,Black,top,right,bottom,left
0.3750837834562311,0.07737471179286451,0.05332937786351443,0.05579770634795642,93,291,316,68
