Male,Asian,White,Black,top,right,bottom,left
0.09417067948415928,0.0310509848086709,0.04839121523067957,0.07580196539620153,93,291,316,68
