Male,Asian,White,Black,top,right,bottom,left
0.21792206369535108,0.1091071643146672,0.05217685736541602,0.0335941600008288,93,266,316,43
