Male,Asian,White,Black,top,right,bottom,left
0.35687913074307537,0.0486656286058849,0.09657028361227683,0.008858578040832968,418,675,804,290
